Workbook

Sheet Predicciones
A1: §77 — Entrenamiento con ruido vs filtro qg: predicciones pre-registradas (commit 1450374)
A3: Pred. | B3: Enunciado | C3: Medido | D3: Referencia | E3: Umbral | F3: Resultado
A4: R1 | B4: F3: E entrenada con T1+filtro = E sin ruido (máx. dif. de parámetros, y misma precisión) | C4: 5.1993112e-09 | D4: máx. sobre datasets | E4: 1e-06 | F4: =IF(AND(C4<E4,Precision!F10=Precision!F11),"PASA","FALLA") -> PASA
A5: R2 | B5: A entrenada con ruido ≥ A entrenada sin ruido (bajo T1) | C5: =Precision!F6 -> 0.94429487 | D5: =Precision!F5 -> 0.77070513 | E5: Medido ≥ Ref. | F5: =IF(C5>=D5,"PASA","FALLA") -> PASA
A6: R3 | B6: E + filtro ≥ A con ruido y ≥ E con ruido sin filtro | C6: =Precision!F10 -> 0.94878205 | D6: =MAX(Precision!F6,Precision!F9) -> 0.94711538 | E6: Medido ≥ Ref. | F6: =IF(C6>=D6,"PASA","FALLA") -> PASA
A7: R4 | B7: 200 disparos: E + filtro ≥ A con ruido − 1 punto | C7: =Precision!F13 -> 0.9425 | D7: =Precision!F12-0.01 -> 0.92673077 | E7: Medido ≥ Ref. | F7: =IF(C7>=D7,"PASA","FALLA") -> PASA
A9: Hallazgos
A10: • F3 confirmado: con el filtro, el problema de entrenamiento bajo T1 es el mismo que sin ruido.
A11: • La QNN estándar colapsa bajo T1 si no se entrena con ruido; entrenada con ruido recupera toda la precisión.
A12: • El filtro no gana en precisión (margen < 1 muestra de prueba): gana en procedimiento, sin modelo de ruido ni entrenamiento ruidoso.
A13: • No previsto: fracción conservada = (1 − γ)^profundidad exacta (hoja Disparos).
A14: • Sin ventaja cuántica: E es simulable clásicamente (§76 F2).

Sheet Precision
A1: §77 — Precisión media de prueba bajo T1 (γ = 0.08), semilla 77, 5 particiones, 120 épocas
A3: Modelo | B3: iris | C3: cancer | D3: wine | E3: digits | F3: Media
A4: A exacta (sin ruido) | B4: 0.90666667 | C4: 0.94333333 | D4: 0.95897436 | E4: 0.95666667 | F4: =AVERAGE(B4:E4) -> 0.94141026
A5: A entrenada sin ruido, eval. T1 | B5: 0.71333333 | C5: 0.77333333 | D5: 0.77948718 | E5: 0.81666667 | F5: =AVERAGE(B5:E5) -> 0.77070513
A6: A entrenada con ruido, eval. T1 | B6: 0.92666667 | C6: 0.94333333 | D6: 0.95384615 | E6: 0.95333333 | F6: =AVERAGE(B6:E6) -> 0.94429487
A7: E exacta (sin ruido) | B7: 0.94 | C7: 0.96 | D7: 0.93846154 | E7: 0.95666667 | F7: =AVERAGE(B7:E7) -> 0.94878205
A8: E entrenada sin ruido, eval. T1 | B8: 0.93333333 | C8: 0.95666667 | D8: 0.84102564 | E8: 0.95 | F8: =AVERAGE(B8:E8) -> 0.92025641
A9: E entrenada con ruido, sin filtro | B9: 0.94 | C9: 0.95 | D9: 0.93846154 | E9: 0.96 | F9: =AVERAGE(B9:E9) -> 0.94711538
A10: E + filtro qg, entrenada sin ruido | B10: 0.94 | C10: 0.96 | D10: 0.93846154 | E10: 0.95666667 | F10: =AVERAGE(B10:E10) -> 0.94878205
A11: E + filtro qg, entrenada con ruido | B11: 0.94 | C11: 0.96 | D11: 0.93846154 | E11: 0.95666667 | F11: =AVERAGE(B11:E11) -> 0.94878205
A12: A con ruido, 200 disparos | B12: 0.9 | C12: 0.94 | D12: 0.94358974 | E12: 0.96333333 | F12: =AVERAGE(B12:E12) -> 0.93673077
A13: E + filtro, 200 disparos | B13: 0.94 | C13: 0.94333333 | D13: 0.93333333 | E13: 0.95333333 | F13: =AVERAGE(B13:E13) -> 0.9425
A15: Fuente: salida de examples/qnn_noise_aware_qg.py (commit 1b7febc). Azul = resultados de la corrida; negro = fórmulas.

Sheet Disparos
A1: Costo del filtro: fracción de disparos conservados = (1 − γ)^profundidad
A3: γ (amortiguamiento T1 por qubit y subcapa) | B3: 0.08
A4: Profundidad (subcapas) | B4: 9
A5: Fracción conservada (teórica) | B5: =(1-B3)^B4 -> 0.47216136
A6: Fracción descartada | B6: =1-B5 -> 0.52783864
A7: Fracción conservada medida (todas las particiones) | B7: 0.47216136
A8: Diferencia teórica − medida | B8: =B5-B7 -> 0
A9: Disparos por muestra | B9: 200
A10: Disparos útiles esperados tras el filtro | B10: =B9*B5 -> 94.432273
A12: Celdas amarillas: entradas editables (γ calibrado, profundidad, disparos).
